"Number","Title","State","Milestone","Labels","Assignees","Created","Updated","URL","Body"
"41","Support ""social authentication"" via Keycloak","OPEN","(none)","enhancement, discussion-needed, reviewed/keep","","2018-02-23","2026-03-27","https://github.com/OpenConceptLab/ocl_issues/issues/41","Allow sign in using populare social media accounts"
"202","Add to bulk importer the ability to delete all references from a collection","OPEN","(none)","","paynejd","2020-03-26","2024-02-27","https://github.com/OpenConceptLab/ocl_issues/issues/202","This single request deletes all references in a collection: ``` DELETE /orgs/KenyaMOH/collections/KenyaEMR/references/ {     ""references"": [""*""] } ```  Bulk importer could do this: ``` {""__method"": ""DELETE"", ""owner"": ""KenyaMOH"", ""owner_type"": ""Organization"", ""collection"": ""KenyaEMR"", ""references"": [""*""]} ```"
"638","Allow source/collection admins to control visibility of repo versions separate from tags","OPEN","(none)","discussion-needed","","2021-03-12","2024-03-15","https://github.com/OpenConceptLab/ocl_issues/issues/638","Right now, the visibility of a source/collection version is tied somewhat to its `released` and `retired` flags. This is especially true when using the `latest` keyword (which evaluates to ""latest released version"") or when evaluating a version-less reference, like `/orgs/CIEL/sources/CIEL/concepts/1234/`. We want administrators to have complete control over how OCL resolves these pointers, which means letting them set repo version visibility / behavior separately from flags.  In addition, we want to support the rest of the ""flags"" supported by the FHIR `status` field for CodeSystem, ValueSet, ConceptMap (draft | active | retired | unknown). Here's the publication status ValueSet: https://www.hl7.org/fhir/valueset-publication-status.html"
"757","Implement optional country code support for locales","OPEN","(none)","openmrs, api2","paynejd","2021-05-14","2024-03-12","https://github.com/OpenConceptLab/ocl_issues/issues/757","We ran into a validation issue importing the PIH dictionary (#732) where some valid Java locales are unknown to OCL. Java locales should be known to OCL. Here is a list of Java 8 locales...  ```bash $ docker run --rm groovy groovy -e 'println System.getProperty(""java.version"")' 1.8.0_252 $ docker run --rm groovy groovy -e \   'java.text.SimpleDateFormat.availableLocales.each {println ""$it|$it.displayName|$it.displayCountry""}' \   | sort ```  Locale|Display Name|Country -|-|- ar_AE|Arabic (United Arab Emirates)|United Arab Emirates ar_BH|Arabic (Bahrain)|Bahrain ar_DZ|Arabic (Algeria)|Algeria ar_EG|Arabic (Egypt)|Egypt ar_IQ|Arabic (Iraq)|Iraq ar_JO|Arabic (Jordan)|Jordan ar_KW|Arabic (Kuwait)|Kuwait ar_LB|Arabic (Lebanon)|Lebanon ar_LY|Arabic (Libya)|Libya ar_MA|Arabic (Morocco)|Morocco ar_OM|Arabic (Oman)|Oman ar_QA|Arabic (Qatar)|Qatar ar_SA|Arabic (Saudi Arabia)|Saudi Arabia ar_SD|Arabic (Sudan)|Sudan ar_SY|Arabic (Syria)|Syria ar_TN|Arabic (Tunisia)|Tunisia ar_YE|Arabic (Yemen)|Yemen ar|Arabic| be_BY|Belarusian (Belarus)|Belarus be|Belarusian| bg_BG|Bulgarian (Bulgaria)|Bulgaria bg|Bulgarian| ca_ES|Catalan (Spain)|Spain ca|Catalan| cs_CZ|Czech (Czech Republic)|Czech Republic cs|Czech| da_DK|Danish (Denmark)|Denmark da|Danish| de_AT|German (Austria)|Austria de_CH|German (Switzerland)|Switzerland de_DE|German (Germany)|Germany de_GR|German (Greece)|Greece de_LU|German (Luxembourg)|Luxembourg de|German| el_CY|Greek (Cyprus)|Cyprus el_GR|Greek (Greece)|Greece el|Greek| en_AU|English (Australia)|Australia en_CA|English (Canada)|Canada en_GB|English (United Kingdom)|United Kingdom en_IE|English (Ireland)|Ireland en_IN|English (India)|India en_MT|English (Malta)|Malta en_NZ|English (New Zealand)|New Zealand en_PH|English (Philippines)|Philippines en_SG|English (Singapore)|Singapore en_US|English (United States)|United States en_ZA|English (South Africa)|South Africa en|English| es_AR|Spanish (Argentina)|Argentina es_BO|Spanish (Bolivia)|Bolivia es_CL|Spanish (Chile)|Chile es_CO|Spanish (Colombia)|Colombia es_CR|Spanish (Costa Rica)|Costa Rica es_CU|Spanish (Cuba)|Cuba es_DO|Spanish (Dominican Republic)|Dominican Republic es_EC|Spanish (Ecuador)|Ecuador es_ES|Spanish (Spain)|Spain es_GT|Spanish (Guatemala)|Guatemala es_HN|Spanish (Honduras)|Honduras es_MX|Spanish (Mexico)|Mexico es_NI|Spanish (Nicaragua)|Nicaragua es_PA|Spanish (Panama)|Panama es_PE|Spanish (Peru)|Peru es_PR|Spanish (Puerto Rico)|Puerto Rico es_PY|Spanish (Paraguay)|Paraguay es_SV|Spanish (El Salvador)|El Salvador es_US|Spanish (United States)|United States es_UY|Spanish (Uruguay)|Uruguay es_VE|Spanish (Venezuela)|Venezuela es|Spanish| et_EE|Estonian (Estonia)|Estonia et|Estonian| fi_FI|Finnish (Finland)|Finland fi|Finnish| fr_BE|French (Belgium)|Belgium fr_CA|French (Canada)|Canada fr_CH|French (Switzerland)|Switzerland fr_FR|French (France)|France fr_LU|French (Luxembourg)|Luxembourg fr|French| ga_IE|Irish (Ireland)|Ireland ga|Irish| hi_IN|Hindi (India)|India hi|Hindi| hr_HR|Croatian (Croatia)|Croatia hr|Croatian| hu_HU|Hungarian (Hungary)|Hungary hu|Hungarian| in_ID|Indonesian (Indonesia)|Indonesia in|Indonesian| is_IS|Icelandic (Iceland)|Iceland is|Icelandic| it_CH|Italian (Switzerland)|Switzerland it_IT|Italian (Italy)|Italy it|Italian| iw_IL|Hebrew (Israel)|Israel iw|Hebrew| ja_JP_JP_#u-ca-japanese|Japanese (Japan,JP)|Japan ja_JP|Japanese (Japan)|Japan ja|Japanese| ko_KR|Korean (South Korea)|South Korea ko|Korean| lt_LT|Lithuanian (Lithuania)|Lithuania lt|Lithuanian| lv_LV|Latvian (Latvia)|Latvia lv|Latvian| mk_MK|Macedonian (Macedonia)|Macedonia mk|Macedonian| ms_MY|Malay (Malaysia)|Malaysia ms|Malay| mt_MT|Maltese (Malta)|Malta mt|Maltese| nl_BE|Dutch (Belgium)|Belgium nl_NL|Dutch (Netherlands)|Netherlands nl|Dutch| no_NO_NY|Norwegian (Norway,Nynorsk)|Norway no_NO|Norwegian (Norway)|Norway no|Norwegian| pl_PL|Polish (Poland)|Poland pl|Polish| pt_BR|Portuguese (Brazil)|Brazil pt_PT|Portuguese (Portugal)|Portugal pt|Portuguese| ro_RO|Romanian (Romania)|Romania ro|Romanian| ru_RU|Russian (Russia)|Russia ru|Russian| sk_SK|Slovak (Slovakia)|Slovakia sk|Slovak| sl_SI|Slovenian (Slovenia)|Slovenia sl|Slovenian| sq_AL|Albanian (Albania)|Albania sq|Albanian| sr_BA_#Latn|Serbian (Latin,Bosnia and Herzegovina)|Bosnia and Herzegovina sr_BA|Serbian (Bosnia and Herzegovina)|Bosnia and Herzegovina sr_CS|Serbian (Serbia and Montenegro)|Serbia and Montenegro sr_ME_#Latn|Serbian (Latin,Montenegro)|Montenegro sr_ME|Serbian (Montenegro)|Montenegro sr_RS_#Latn|Serbian (Latin,Serbia)|Serbia sr_RS|Serbian (Serbia)|Serbia sr__#Latn|Serbian (Latin)| sr|Serbian| sv_SE|Swedish (Sweden)|Sweden sv|Swedish| th_TH_TH_#u-nu-thai|Thai (Thailand,TH)|Thailand th_TH|Thai (Thailand)|Thailand th|Thai| tr_TR|Turkish (Turkey)|Turkey tr|Turkish| uk_UA|Ukrainian (Ukraine)|Ukraine uk|Ukrainian| vi_VN|Vietnamese (Vietnam)|Vietnam vi|Vietnamese| zh_CN|Chinese (China)|China zh_HK|Chinese (Hong Kong)|Hong Kong zh_SG|Chinese (Singapore)|Singapore zh_TW|Chinese (Taiwan)|Taiwan zh|Chinese|"
"790","Implement access control for exports","OPEN","(none)","enhancement, discussion-needed","snyaggarwal, jamlung-ri","2021-06-03","2024-03-15","https://github.com/OpenConceptLab/ocl_issues/issues/790","Right now, a source or collection is either public or private, and this access control applies to all aspects of that repository. From the perspective of a standards development organization, reference access (searching/browsing) is treated separately from distribution.  How could we allow admins to control reference access to a source/collection separately from distribution access?  For now, we can keep these definitions simple: * Reference - search, browse, viewing details of resources, basic API access (though we should probably put a ceiling to the `limit` parameter) * Distribution - users may download full exports  Open questions: * How do we (and should we) limit mappings and references  @bmamlin FYI"
"828","Automatically generate changelog for OCL primary repos","OPEN","Sprint 17","api2, fhir, reviewed/keep","rkorytkowski, paynejd","2021-07-02","2026-03-24","https://github.com/OpenConceptLab/ocl_issues/issues/828",""
"878","Name_type Standardization","OPEN","(none)","enhancement, affects-ocl-client, api2","paynejd, snyaggarwal","2021-08-04","2023-09-26","https://github.com/OpenConceptLab/ocl_issues/issues/878","Standardize the format of the name_type attribute in OCL.   For example, we are seeing name_type attributes that are ""Fully Specified"" ([link](https://api.qa.openconceptlab.org/orgs/PEPFAR-Test10b/sources/MER/concepts/p1OMag94BGr/?verbose=true)) and name_type attributes that are ""FULLY_SPECIFIED"" ([link](https://api.openconceptlab.org/orgs/OMRSCOVIDSquad/collections/OMRSCOVIDVaccination/concepts/166356/?verbose=true)).   Note that OpenMRS Dictionary Manager will be slightly affected by it, so we should coordinate with that team when we start to implement these changes. ![image.png](https://images.zenhubusercontent.com/5df114a3d094b314eeec671c/c68cc5a5-339b-4d35-8ef6-29b524389514)"
"957","Improve memory management for import tasks","OPEN","(none)","api2, bulk-import, performance","rkorytkowski, snyaggarwal","2021-09-06","2024-01-05","https://github.com/OpenConceptLab/ocl_issues/issues/957","Currently the whole import file is stored in memory and passed around to workers. It uses memory on Redis, but also in all individual workers processing it i.e. main worker and concurrent workers.   Things to consider: 1. Store the file in S3 and pass URI to Redis queue and workers. 2. Make sure workers do not hold the whole file in memory rather read it through a stream. 3. Workers should do a proper cleanup after done processing or delegating the processing. 4. It seems that we would also benefit from putting final results in a file as well instead of keeping them in memory... (keeping partial results in concurrent workers in memory and returning them in memory is fine as long as we keep the batch not too big 1-10k)"
"994","Update bulk import validation script","OPEN","(none)","","paynejd, jamlung-ri","2021-09-24","2022-04-14","https://github.com/OpenConceptLab/ocl_issues/issues/994","* Command-line tool * Matching of resource IDs * Comprehensive validation of fields   * Concept: Core attributes (id, class, datatype, etc), Names, Descriptions, Extras   * Mappings: ID (optional), from/to concepts + Source URLs - needs a ΓÇ£smartΓÇ¥ comparison of source URLs (canonical or relative), map_type, Extras  gist script: https://gist.github.com/bmamlin/458eb611e1ad99f9be4f12858064cc28   Notes from Dev/Architecture calls: * https://docs.google.com/document/d/102y4F9fHlTQyrq0CGm85xHWDTzqJPnon_edXJIWW504/edit#bookmark=id.sbhuygz3ysnb * https://docs.google.com/document/d/157ChmfmYLGLEg_fO4cE7oMqtGpL4PchUkEhNfUUMxdo/edit#bookmark=id.sp42zkouecii * Per Burke: Checksum per resource/per file could shortcut validity testing"
"1143","Ability to transfer ownership of a source or collection","OPEN","(none)","reviewed/keep","snyaggarwal","2021-12-03","2026-03-27","https://github.com/OpenConceptLab/ocl_issues/issues/1143","Not a high priority, but required in both the API and TermBrowser"
"1186","Multi-lingual support in OCL TermBrowser","OPEN","(none)","Epic, V3","snyaggarwal","2022-01-11","2023-11-28","https://github.com/OpenConceptLab/ocl_issues/issues/1186","We want to internationalize the TermBrowser to support multiple languages  Note that these will be implemented in separate tickets:  * UI controls for a user to select which language they are seeing in the TermBrowser * Method for a sysadmin to upload new translations and to manage which translations are available * Creating other translations of the app"
"1194","Changing an ID for an org, source, collection, etc.","OPEN","(none)","enhancement, discussion-needed, api2","paynejd, snyaggarwal, jamlung-ri","2022-01-31","2024-03-12","https://github.com/OpenConceptLab/ocl_issues/issues/1194","Currently, there is no process for replacing an ID for any OCL resource. How would we, for example, change this org ID from IHTSDO (which is outdated) to SNOMED-International? The process likely involves creating a new org and reloading the content, but users of that content would be impacted."
"1286","Retire any APIs/data that use both repo version and resource version","OPEN","(none)","api2, reviewed/keep","snyaggarwal","2022-04-29","2026-03-24","https://github.com/OpenConceptLab/ocl_issues/issues/1286","URIs like these should be invalid across OCL because they are specifying 2 versions that could be contradictory -- we are moving toward preferring the use of repo versions over resource versions: ``` /orgs/MyOrg/sources/MySource/v1/concepts/1984/6745/ /orgs/MyOrg/collections/MyCollection/v1/concepts/1984/6745/ /orgs/MyOrg/collections/MyCollection/v1/expansions/e1/concepts/1984/6745/ ```"
"1291","Expanded Reference adjustment - Multiple resources in a single reference","OPEN","(none)","","snyaggarwal","2022-05-10","2022-05-10","https://github.com/OpenConceptLab/ocl_issues/issues/1291","Want to be able to support multiple enumerated codes/IDs in a single reference ΓÇô currently API accepts this syntax, but it splits them into individual references.  Following up on #1275"
"1318","Highlight concept attributes/associations that were modified in the collection","OPEN","(none)","Design, V3","","2022-06-03","2024-02-07","https://github.com/OpenConceptLab/ocl_issues/issues/1318","DESIGNS NEEDED BEFORE STARTING WORK ON THIS  When viewing concept details in the collection context, modifications made in the collection should be formatted / highlighted to indicate differences. Currently, we only allow modification of the display name and of associations, and we will support more modifications in the future.  See here for an example: https://api.qa.openconceptlab.org/orgs/OpenmrsTest/collections/test1/concepts/163361/106081/"
"1327","Constrain processing of repo versions to be ""consistent"" within an expansion","OPEN","(none)","discussion-needed, api2","","2022-06-21","2024-03-12","https://github.com/OpenConceptLab/ocl_issues/issues/1327","Resolved repo version must be reused while evaluating the expansion to avoid the risk of an equivalent repo reference being evaluated differently while processing. For example, if I have several concept references to CIEL and a new version of CIEL is released while the expansions is being generated, then some of those concepts will point to an old version of CIEL and some to the new version of CIEL - we want to ensure that all of them point to the same repo version that was originally resolved  Processing method: * For each reference...   * Check if reference has already been resolved to a repo version     * If yes, use the ""cached"" repo version     * If no, resolve the reference to a repo version   * Evaluate the reference using the above repo version  NOTE: One ref can result in multiple repo versions (e.g. can include a system and one or more valuesets) "
"1357","Expose hard DELETE of concept/mapping for standard users","OPEN","(none)","api2","","2022-10-04","2024-03-12","https://github.com/OpenConceptLab/ocl_issues/issues/1357","Hard delete of concepts/mappings was implemented for admins only in #564. We want to be careful about how we expose this behavior to users, but we will eventually need to make this available. Let's use this ticket to track the issue.  @snyaggarwal Was hard delete implemented for concept/mapping versions?  ## Concept/mapping -- previously implemented ``` DELETE /orgs/MyOrg/sources/MySource/concepts/:id/?hardDelete=true DELETE /orgs/MyOrg/sources/MySource/mappings/:id/?hardDelete=true ```  ## Concept/mapping versions -- ?? ``` DELETE /orgs/MyOrg/sources/MySource/concepts/:id/:version/?hardDelete=true DELETE /orgs/MyOrg/sources/MySource/mappings/:id/:version/?hardDelete=true ```"
"1396","User should have option not to auto-import Mappings to retired concepts","OPEN","(none)","api2, bulk-import","","2022-10-27","2024-03-12","https://github.com/OpenConceptLab/ocl_issues/issues/1396","(@paynejd and @bmamlin do you agree with this?)  I propose: When a user goes through the ""Add to Collection"" workflow and wants all mapped concepts imported, e.g. as we often do with CIEL concepts, we should have the option (or perhaps this should be the default behavior) to NOT have mappings to retired concepts included.   Right now there's a mismatch: the *Mappings* to retired concepts are auto-imported, but the *retired concepts* themselves are _not_ auto-imported. I think this created for us the situation in https://github.com/OpenConceptLab/ocl_issues/issues/1395 "
"1423","Adopt OCL Code of Conduct (for the development community)","OPEN","(none)","documentation, reviewed/keep","rkorytkowski, paynejd, snyaggarwal, jamlung-ri, paulsonder","2022-11-07","2026-03-27","https://github.com/OpenConceptLab/ocl_issues/issues/1423","Guide to selection: https://opensource.guide/code-of-conduct/#:~:text=A%20code%20of%20conduct%20is,just%20your%20participants%2C%20but%20yourself.  Some examples: - https://www.contributor-covenant.org/ - https://ubuntu.com/community/code-of-conduct - https://wiki.openmrs.org/display/docs/Code+of+Conduct#:~:text=Be%20respectful.,poor%20behavior%20and%20poor%20manners. - https://wiki.openmrs.org/display/docs/Developer+Guide  https://github.com/OpenConceptLab/oclapi2/blob/master/CONTRIBUTING.md  We're actually talking about more than one thing: - **Overall OCL Community Code of Conduct:** This applies to all community members during all types of community interactions (e.g. https://ocl.discourse.group/faq) - **OCL Developer Guide:** includes a Developer code of conduct "
"1431","Implement maintenance page","OPEN","(none)","api2, infra, reviewed/keep","rkorytkowski, paulsonder","2022-11-16","2026-03-24","https://github.com/OpenConceptLab/ocl_issues/issues/1431","We need to be able to bring up a maintenance page for major upgrades or automatically if services are e.g. timing out due to bug or overload.  This should be available for api or web.  The maintenance page would ideally be served from CDN to survive traffic hikes.  We need to check if ALB on AWS is capable of providing such functionality or come up with a custom approach. It would be good to provide some basic alternative if running OCL with docker-compose in a form of e.g. nginx gateway, but can be addressed in a separate issue if it is more work."
"1493","Add the new source summary endpoints to OCL Docs","OPEN","(none)","documentation, infra, reviewed/keep","paynejd, snyaggarwal","2023-02-24","2026-03-27","https://github.com/OpenConceptLab/ocl_issues/issues/1493","See #1467 for details  Additional Tickets:  #1598  #1527  #1495  #1577  #1584 "
"1508","Setup limits on bulk imports","OPEN","(none)","enhancement, discussion-needed, api2, performance","rkorytkowski, paynejd, snyaggarwal","2023-03-09","2023-03-10","https://github.com/OpenConceptLab/ocl_issues/issues/1508","We need to agree on some limits e.g. per user on how much data can be imported in a given period of time and enforce them. It is to prevent from putting too much load on the system.  We could enable some users to go above the limits.  @paynejd @snyaggarwal @jamlung-ri "
"1522","Deep linking","OPEN","(none)","Design, V3","snyaggarwal, paulsonder","2023-03-21","2023-07-18","https://github.com/OpenConceptLab/ocl_issues/issues/1522","**Goals** - URL in the web browser should generally update to current view throughout the TermBrowser - Copy/pasting the above URL should load the same view, even if user starts a new session, starts not signed in, etc. - Where the above isn't easy to accomplish, make it easy get a copy of a URL in the TermBrowser - Links where users may want to right click to copy a URL, the TermBrowser UI components should make this easy -- there are places now where this doesn't work - Ability to reference a specific synonym, attribute, mapping, etc. of a concept - While we're doing this, where a user may want to select and copy text (e.g. concept ID, name, mapping code/name/source), the TermBrowser UI components should make this easy -- there are some places now where this isn't easy because selecting the text results in some type of action  Do the above prioritizing key resources, including: - concept/mapping and concept/mapping within a source/collection version (specifically NOT prioritizing concept/mapping version) - source/collection and source/collection version - org - user  cc @bmamlin "
"1555","Draft operations panel documentation","OPEN","(none)","documentation, V3","paynejd, snyaggarwal, jamlung-ri","2023-04-18","2024-07-18","https://github.com/OpenConceptLab/ocl_issues/issues/1555","Servers: - Types of server connections supported (e.g. OCL, OCL FHIR, SVCM, ICD11 FHIR) - Operations supported for each server type   - OCL: $resolveReference, $cascade, $checksum   - SVCM: $lookup, $translate, $validate-code, ...   - Not supported in operations panel: $clone, $expand  Authentication: - Operations panel is only available to authenticated users - Token is included in request header for the current server only; for other servers, requests are anonymous  @snyaggarwal @jamlung-ri Feel free to add any ideas for ops panel documentation here"
"1581","Public documentation for Collection Reference evaluation logic","OPEN","(none)","documentation, reviewed/keep","paynejd, snyaggarwal","2023-05-16","2026-03-27","https://github.com/OpenConceptLab/ocl_issues/issues/1581","A few resources: - Ticket to resolve the reference evaluation out of memory issue: #1580 - https://github.com/OpenConceptLab/ocl-docs/blob/main/docs/source/oclapi/apireference/resolveReference.md - Canonical URLs documentation: https://docs.google.com/document/d/1zrQOQBC868uRdrZA-mhzvNzsepVYFhHrMDuJU7mKRjY/edit#heading=h.pvobb1bu30xm - Documentation folder: https://drive.google.com/drive/u/0/folders/13h06tIbmPv_ycFlFs897OaCWEPV3Gg7O  "
"1596","Update CSV Bulk Import to catch up with new features","OPEN","(none)","api2, bulk-import","paynejd, snyaggarwal, jamlung-ri","2023-06-09","2024-03-12","https://github.com/OpenConceptLab/ocl_issues/issues/1596","OCL dev tools' CSV Bulk Importer needs to catch up to the latest features  Related changes: * #1550  * "
"1603","Dynamically populate display_name based on request header","OPEN","(none)","api2, ES","snyaggarwal","2023-07-05","2024-03-26","https://github.com/OpenConceptLab/ocl_issues/issues/1603","A concept's display name is populated based on the settings of the repository and the names available for a concept.  To get ready for multi-lingual capabilities, we want to add the ability to provide a language preference in the request header for a concept. The language preference will be considered (along with the repository settings and names available in a concept) when dynamically populating the concept display_name and display_locale. As part of this, we want the API to also indicate unambiguously which name/synonym was set as the display_name (e.g. by adding a display_name_id field?)  The default behavior (i.e. when no language preference is provided in the request header) will remain unchanged. Meaning, we can deploy this in production with no changes to the TermBrowser.  Steps to completion: - [ ] Summarize logic used to populate the display_name (here in the ticket is fine -- we'll add to the concept page in OCL Docs) - [ ] Draft updated logic for populating display_name to include language preference provided with a request - [ ] Update API endpoint(s) to accept the language preference request header - [ ] Implement new logic for populating display_name - [ ] Update ES index as required to support new behavior - [ ] Add `display_name_id` (or another attribute as determined) to unambiguously identify which name was used as the display name  Questions: - Is language preference only a single value or possibly a list?"
"1610","Use canonical URL where possible in the ""system"" field of a ValueSet","OPEN","(none)","fhir, reviewed/keep","rkorytkowski","2023-07-12","2026-03-24","https://github.com/OpenConceptLab/ocl_issues/issues/1610","The ""system"" field in the ValueSet is using OCL's relative URL, not the ValueSet's canonical URL (e.g. ""system"": ""/orgs/CIEL/ValueSet/CIEL/"") (see here for example: https://fhir.staging.openconceptlab.org/orgs/MER_SMART_Guidelines/ValueSet/art-medications/?version=v3) - In the example, I would expect CIEL's canonical URL ""https://cielterminology.org/"" to appear in the system field.  ![image](https://github.com/OpenConceptLab/ocl_issues/assets/55999682/da32c3de-7e7f-4660-9ffd-8194f1a280f4) "
"1614","Change requests and management","OPEN","(none)","Design, V3","jamlung-ri, paulsonder","2023-07-18","2023-07-18","https://github.com/OpenConceptLab/ocl_issues/issues/1614","As part of the IA work for V3, we discovered an Object to represent and manage changes to Concepts and other content in OCL.  "
"1653","Track request source of a POST/PUT","OPEN","(none)","enhancement, api2, analytics","","2023-08-30","2024-03-12","https://github.com/OpenConceptLab/ocl_issues/issues/1653","It would be really helpful to know how a resource was created/updated, e.g.: - TermBrowser UI - Bulk import - Another client - Direct API request - etc.  While we may want to implement this for any resource that records the user and timestamp of creates/updates, the immediate priority is concept versions and mapping versions.  cc @snyaggarwal -- Should we pull the trigger on this or would discussion be helpful?"
"1657","Better handle invalid import JSON/CSV errors","OPEN","(none)","api2, bulk-import","rkorytkowski, paynejd, snyaggarwal","2023-09-06","2023-09-06","https://github.com/OpenConceptLab/ocl_issues/issues/1657",""
"1666","Introduce ""Synonym"" name type and remove ""None"" name type","OPEN","(none)","openmrs, api2, breaking-change, reviewed/keep","","2023-09-14","2026-03-27","https://github.com/OpenConceptLab/ocl_issues/issues/1666","Currently, OCL [name types](https://app.openconceptlab.org/#/orgs/OCL/sources/NameTypes/) include `None` and do not have an entry for `Synonym`.  **Problem with `None`**: Since name type is optional, the difference between `None` and `null` is not defined and, as long as `None` exists, will cause headaches & confusion.  **`Synonym` as default**: an alternate name for a concept implies the very definition of [synonym](https://www.dictionary.com/browse/synonym), so it's natural to assume any name where name type is not specified is a synonym.  1. Purge the [None name type](https://app.openconceptlab.org/#/orgs/OCL/sources/NameTypes/concepts/None/). Any existing data using the `None` name type can be converted to `null`.  2. Add a `Synonym` name type and start treating `null` & `Synonym` the same (i.e., assuming a name of unknown type is an alternate name ΓÇô a.k.a. synonym).  3. Optionally, once the codebase is treating `null` & `Synonym` the same, then we could elect to make name type required (converting all existing `null` entries to `Synonym`)."
"1691","Checksums: Addressing the details","OPEN","(none)","discussion-needed, V3","bmamlin, paynejd, snyaggarwal","2023-11-13","2024-04-28","https://github.com/OpenConceptLab/ocl_issues/issues/1691","Examples: * How we are using checksums to differentiate between two concepts e.g. the comparison tool? * How do Checksums affect or interact with concepts with mappings?"
"1697","Standardizing Lookup Fields - Approaches for cleaning up data in OCL","OPEN","(none)","Epic, V3, v3-foundation, reviewed/keep","","2023-11-14","2026-03-27","https://github.com/OpenConceptLab/ocl_issues/issues/1697",""
"1706","Walled Garden and Trusted Sources","OPEN","(none)","Epic, V3","","2023-12-04","2024-03-15","https://github.com/OpenConceptLab/ocl_issues/issues/1706","Overall, the goal is for users to be exposed primarily to content that is most relevant to them, allowing them to see more Reference Content like CIEL and LOINC, and less of all the other stuff that everyone is doing (unless that is the intended goal of the user to see other example content).  It is unclear if this will be part of V3 quite yet or to what extent.  Existing documentation here: https://docs.google.com/document/d/1zrQOQBC868uRdrZA-mhzvNzsepVYFhHrMDuJU7mKRjY/edit#heading=h.wl2btr79egq1  Related to Canonical URLs work."
"1711","Update mapping documentation for canonical URLs","OPEN","(none)","documentation, reviewed/keep","paynejd","2023-12-08","2026-03-27","https://github.com/OpenConceptLab/ocl_issues/issues/1711","First round of edits completed here: https://docs.openconceptlab.org/en/latest/oclapi/apireference/mappings.html  Additional changes needed: - Add to the Overview:   - [ ] New Auto-ID behavior (see [here](https://docs.openconceptlab.org/en/latest/oclapi/apireference/sources.html#create-source))   - [ ] Sort weight   - [ ] Support canonical URLs   - [ ] How to interact with OCL mappings via the OCL FHIR Core (and vice versa) - [x] Confirm whether repo version can be specified separately or inline for each of the 3 approaches - [ ] Update all examples to use canonical URLs - [ ] Update response examples with all of the new fields - [ ] Add OpenMRS specific examples  Here's an example API resource: https://api.qa.openconceptlab.org/orgs/CIEL/sources/CIEL/concepts/164505/?includeMappings=true"
"1723","Upgrade to Django 5","OPEN","(none)","enhancement, api2, tech debt","snyaggarwal","2023-12-26","2024-03-12","https://github.com/OpenConceptLab/ocl_issues/issues/1723","Release Notes -- https://docs.djangoproject.com/en/5.0/releases/5.0/"
"1730","Upgrade to python3.12","OPEN","(none)","enhancement, api2, reviewed/keep","snyaggarwal","2024-01-08","2026-03-27","https://github.com/OpenConceptLab/ocl_issues/issues/1730","https://www.python.org/downloads/release/python-3121/"
"1740","Maintain original casing for facets in filter panel","OPEN","(none)","api2, ES","snyaggarwal","2024-01-16","2024-03-12","https://github.com/OpenConceptLab/ocl_issues/issues/1740","This also impacts the Repo Summary -- are there other places in the app that this will impact too?  @snyaggarwal will document fields where we change casing while indexing"
"1746","Only create new concept/mapping version if the resource has changed","OPEN","(none)","enhancement, api2, breaking-change, documentation-needed","paynejd, snyaggarwal","2024-01-29","2024-04-29","https://github.com/OpenConceptLab/ocl_issues/issues/1746","Whether updating a single resource in the UI or the API, or performing a bulk import that is updating an existing repo (e.g. like CIEL), a concept or mapping's standard checksum should indicate whether or not the resource in the request represents a change. If there is a change, then the API should proceed as usual and attempt to update the resource (with no change to the response codes that are currently used). However if there is no change (i.e. the standard checksums are equal), then the API should not update the resource and it should return a different response code.  Which response code? - 409 conflict - 304 not modified  Neither of these seem quite right though because it's not an error or a redirect. I would think that it should be a 2** code, possibly with a response header to give more info?"
"1763","Concept tracing information - Modification indicators","OPEN","(none)","Design, V3","jamlung-ri, paulsonder","2024-02-09","2024-02-09","https://github.com/OpenConceptLab/ocl_issues/issues/1763","A user needs to be aware if the concept in a repo/collection that they are viewing is ""original"" (i.e. is the same as the source concept) or ""modified"" (i.e. its details, mappings, etc. differ from the source concept).   In TBv2, this only manifests when the mappings of a concept differ from its original source vs. what is being displayed on the concept from the context of a collection.   Complexities from this [OCL Arch Call](https://docs.google.com/document/d/157ChmfmYLGLEg_fO4cE7oMqtGpL4PchUkEhNfUUMxdo/edit#bookmark=id.pbgpc2ccacvm):  - Demo concepts: [MSF concept](https://app.openconceptlab.org/#/orgs/MSF/sources/MSF/concepts/1290/) (original from source) vs. [MSF-OCB concept](https://app.openconceptlab.org/#/orgs/MSF-OCB/collections/Trauma/HEAD/expansions/autoexpand-HEAD/concepts/1290/) (modified mappings in collection) (see screenshots below) - Test case - when I add the concept from the MSF-OCB collection, I expect to see the concept and mappings from the MSF-OCB collection. Currently OCL points directly back to the original MSF sourceΓÇÖs mappings though. - Complexities:      - ThereΓÇÖs a balance to strike between the dictionary management/auto-expand perspective vs. the traditional TS/FHIR/non-auto-expand perspective      - When viewing the Concepts tab in the context of a collection/valueset, OCL currently displays:      - Left: Codes/mappings from their codesystems/sources           - If you check concept on the left and ΓÇ£add it to a collectionΓÇ¥, the reference points to the source, not the collection      - Right: Concept from collection context (cascaded within context), and the link at the top of the details pane is to the source          - Header and attributes are populated from source viewpoint          - Display name can be set in a reference/valueset ΓÇô not clear if the TB shows the display name from the ValueSet, or if it only shows the info from the underlying source; but we know that the TB doesnΓÇÖt handle context or any other types of modifications that a user might eventually be able to make to a concept within a reference          - ΓÇ£AssociationsΓÇ¥ section cascades from collection viewpoint   Original MSF Concept: <img width=""740"" src=""https://api.zenhub.com/attachedFiles/eyJfcmFpbHMiOnsibWVzc2FnZSI6IkJBaHBBL0ZJQXc9PSIsImV4cCI6bnVsbCwicHVyIjoiYmxvYl9pZCJ9fQ==--55dbc07bf7c3fd2b1516556bb2827fafc140e08b/image.png"" alt=""image.png"" />   ""Modified"" MSF Concept: <img width=""1721"" src=""https://api.zenhub.com/attachedFiles/eyJfcmFpbHMiOnsibWVzc2FnZSI6IkJBaHBBL0pJQXc9PSIsImV4cCI6bnVsbCwicHVyIjoiYmxvYl9pZCJ9fQ==--3eea7477d821f027259573fe87b16eeec03eb230/image.png"" alt=""image.png"" />  "
"1766","Generate additional analytics","OPEN","(none)","analytics","snyaggarwal","2024-02-13","2024-03-12","https://github.com/OpenConceptLab/ocl_issues/issues/1766","Add these to the monthly report -- (and please re-run the prod report after these have been added!): - Top X most mapped sources (e.g. target sources) ΓÇô over a given time period and across all OCL content - Top X most mapped concepts (e.g. target concepts) ΓÇô over a given time period and across all OCL content - Top X most referenced sources - Top X most referenced concepts  Via cloudwatch: - Top X searches over a given time period - Top X most viewed (eg requested the details of a source via API or TB) sources over a given time period - Top X most viewed collections over a given time period - Top X most viewed concepts over a given time period "
"1768","ES (and other) service dev debugging documentation","OPEN","(none)","documentation, ES","rkorytkowski, snyaggarwal","2024-02-13","2024-03-12","https://github.com/OpenConceptLab/ocl_issues/issues/1768",""
"1769","User Language Preferences","OPEN","(none)","documentation-needed, V3","paynejd, jamlung-ri","2024-02-13","2024-03-12","https://github.com/OpenConceptLab/ocl_issues/issues/1769","What effects do a user's Language preference(s) have throughout the TermBrowser? We should document what this field on the User Profile will do.  _Originally posted by @jamlung-ri in https://github.com/OpenConceptLab/ocl_issues/issues/1617#issuecomment-1941450447_             "
"1772","UI Method for adding collection-based reference to a collection","OPEN","(none)","V3, web3","jamlung-ri","2024-02-14","2024-03-12","https://github.com/OpenConceptLab/ocl_issues/issues/1772","Now that we worked on the API piece, we need a simple way to add a concept to a collection, giving the user a way to decide which content to use if applicable. This affects how cascade can resolve if the mappings to a concept differ between the source and the collection.                This is working well on Prod! Note that I only used the API method, and this doesn't cover anything in the UI yet. TB still doesn't have a great way to add a concept from the source's perspective vs. from the collection's perspective though. We can address that in another ticket.  _Originally posted by @jamlung-ri in https://github.com/OpenConceptLab/ocl_issues/issues/1764#issuecomment-1944038728_             "
"1782","Implement standalone reference support in CSV bulk import","OPEN","(none)","enhancement, api2, bulk-import","","2024-02-26","2024-03-12","https://github.com/OpenConceptLab/ocl_issues/issues/1782","We are missing support for a standalone reference row in the CSV bulk import format. For example, we want to support a CSV row that looks something like this (Note: this syntax still needs to be confirmed):  | resource_type | collection_url | data:expressions | | -- | -- | -- | | Reference | /orgs/mohlk/collections/HIMScloudPhysicalActivity/ | /orgs/mohlk/sources/HIMScloudSource/concepts/LK-PA-01/ | "
"1801","User Profile - Summary API","OPEN","(none)","V3","paynejd, paulsonder","2024-03-12","2024-03-12","https://github.com/OpenConceptLab/ocl_issues/issues/1801","Let's think about what summary information about a user needs to be displayed on their profile.  One additional note: We will want to ensure that we open up user profiles more publicly, since I believe we currently cannot view other people's profiles, if I'm not mistaken?  > We dont have a verbose summary API for a user/org (which I think we should). >  > Right now in user summary we can get following: > - count of sources > - count of collections > - count of orgs membership > - count of orgs directly owned > - count of bookmarks  _Originally posted by @snyaggarwal in https://github.com/OpenConceptLab/ocl_issues/issues/1756#issuecomment-1960726098_             "
"1805","Repo Version Summary counts are often incorrect","OPEN","(none)","bug, api2","snyaggarwal","2024-03-13","2024-05-21","https://github.com/OpenConceptLab/ocl_issues/issues/1805","Following large imports or large version export creations, this summary count of concepts and mappings is often incorrect, showing 0 of either resource or an otherwise incorrect number. This leads the user to having to use the Recalculate Summary button somewhat often.  Is there any quick fix that could be done, even if it means waiting to calculate the summary until later?  Screenshot where the issue is not occurring, but wanted to show which numbers I am talking about.  ![image](https://github.com/OpenConceptLab/ocl_issues/assets/55999682/8ff7865a-1cb8-42dc-8f67-bf938b617470) "
"1811","Draft checksum documentation (to go into OCL Docs)","OPEN","(none)","reviewed/keep","paynejd, snyaggarwal","2024-03-15","2026-03-27","https://github.com/OpenConceptLab/ocl_issues/issues/1811","@snyaggarwal   - [x] Fields for standard/smart checksums for both concepts and mappings - [x] Description of algorithm for resource-level checksum - [x] Description of algorithm for repo-level checksum"
"1867","Create independent script for standard and smart checksums for concepts and mappings","OPEN","(none)","api2","snyaggarwal","2024-06-24","2024-12-02","https://github.com/OpenConceptLab/ocl_issues/issues/1867","We want a script that can be run outside of the OCL core services. The script can be either python or javascript -- python might be easier for the moment. It must have the logic required to generate standard and smart checksums for concepts or mappings. The user should not need to know which fields should be included for standard/smart checksums -- this needs to be embedded in the script.  The initial goal is to enable @bmamlin to create checksums for CIEL resources outside of OCL to support validation workflows.  Also see #1691 "
"1868","Enable creating/importing/editing resource in an older repo version","OPEN","(none)","enhancement, api2, medium-difficulty","paynejd, snyaggarwal","2024-06-25","2024-06-25","https://github.com/OpenConceptLab/ocl_issues/issues/1868","**Challenge:** Version Model for resources and repo works on created_at. created_at is system generated datetime field, and cannot be tempered from outside. Whatever gets created later is the newer version.  **Tasks** 1. Need to establish a link between versions (linked list). Probably each versioned resource needs to have a URI of the previous    - `previous_version_uri` -- will this affect standard checksum?    - `version_order` -- for quick sorting 2. List versions -- Sort on all versions by `version_order` - 0 for initial version higher being newer 3. Latest version -- Sort on all versions by `version_order` and get max. 4. New version creation can have:    - `new_version.previous_version_uri=existing_latest_version.uri` and `new_version.version_order=existing_latest_version.version_order + 1` 5. In between version creation needs to be created with `previous_version_uri` in payload. (considering the `new_version` is added after a version say `previous_version`.     - `existing_next_version` is version where `versions.previous_version_uri=pervious_version_uri`    - `new_version.previous_version_uri=previous_version_uri` and `new_version.version_order=previous_version.version_order + 1`    - `existing_next_version.previous_version_uri=new_version.uri` and `existing_next_version.version_order=new_version.version_order + 1` 6. `previous_version_uri` and `version_order` cannot be edited from outside. 7. Latest version will have `is_latest_version=true` just like now for resources. For Repo we must add this to make it consistent and faster to lookup.  "
"1887","v3 Search does not return private content","OPEN","(none)","V3","snyaggarwal","2024-07-15","2024-08-09","https://github.com/OpenConceptLab/ocl_issues/issues/1887","When I search for a [private source on QA](https://app.v3.qa.openconceptlab.org/#/orgs/private-org/sources/private-source/) from the v3 search, it doesn't appear. I can access the source directly from the organization, but the repo doesn't appear in global search.  Note that you can only tell the source is private from the v2 TermBrowser: https://app.qa.openconceptlab.org/#/orgs/private-org/sources/private-source/ @paulsonder Should this privacy status appear in the Repository designs? e.g. https://zpl.io/eznn8ql - I assume yes, unless we are waiting for the Permissions Framework.   @snyaggarwal Is this an intentional decision or a bug?  ![Private source search result failure](https://github.com/user-attachments/assets/095b7f03-23a3-4a6f-96f2-d0b9ad7863b9) "
"1891","Freeze large resources upon deletion request","OPEN","(none)","V3","","2024-07-16","2024-07-20","https://github.com/OpenConceptLab/ocl_issues/issues/1891","Deleting a large repo or org is pretty confusing for a user. There is no ""Processing"" flag. Content is not ""frozen"". They can continue to interact with the content while it is being processed asynchronously without any indication that it is being deleted.  Ideas for how we handle this: - Implement ""Frozen"" flag -- content that is frozen can only be viewed; the flag should be visible to users - When requesting a delete, OCL first ""freezes"" the content (assuming that this is a quick process?), and then kick off the deletion process  The idea is that ""Freezing"" content will be useful for other purposes: Loading a large repo; processing a large version; evaluating a large expansion; etc.  Finally, if I request a delete in TBv3, the UI should immediately respond, display a flag, etc. "
"1893","Repository / Operations","OPEN","(none)","V3","paulsonder","2024-07-16","2024-07-16","https://github.com/OpenConceptLab/ocl_issues/issues/1893","User Story: View a list of possible operations and supported parameters and a way to trigger the operation and see results  Requirements: - Provide a menu option for the user to open the operations panel to a relevant operation based on the repo-type, pre-populated with the current repo - Which operations are available must be context-aware based on the repo-type"
"1911","OCL CSV exports truncated at 1000","OPEN","(none)","reviewed/keep","","2024-08-05","2026-03-27","https://github.com/OpenConceptLab/ocl_issues/issues/1911","Issue tracker is **ONLY** used for reporting bugs. New features should be discussed with us on [OCL Chat](https://chat.openconceptlab.org/) or on one our slack channels.  When used to export the codes as CSV the list is truncated at 1000 There are 55066 codes https://api.openconceptlab.org/orgs/CIEL/sources/CIEL/ But, CSV has only 1000  Export also SHOULD have the CONCEPT NAME "
"1925","Request: Automatically add self-map","OPEN","(none)","enhancement, openmrs, api2, reviewed/keep","","2024-09-11","2026-03-24","https://github.com/OpenConceptLab/ocl_issues/issues/1925","When Ellen creates a concept in her source, she expects that all concepts will have a mapping to itself. This will be the case with CIEL in the future also.   Perhaps this could be a setting in the source, similar to Auto-assign ID?"
"1970","Mobile-ready screens for V3","OPEN","(none)","V3, OHIE Must-Haves","snyaggarwal","2024-11-06","2024-11-07","https://github.com/OpenConceptLab/ocl_issues/issues/1970","OCLv3 is currently not mobile ready, but many people will access v3 first on their phone.   @snyaggarwal How possible will it be to optimize some screens for mobile by the start of OHIE24? We would want to prioritize anonymous dashboard, searchlight, search results, and concept details"
"1971","Mobile updates","OPEN","(none)","Design, V3, reviewed/keep","paulsonder","2024-11-13","2026-03-26","https://github.com/OpenConceptLab/ocl_issues/issues/1971","### Dashboard  ![iPhone 16 - 1](https://github.com/user-attachments/assets/7409ca78-8937-4461-ad9f-9d54f0a115e4)   Repo"
"2056","Concept Details Query Gone Wrong","OPEN","(none)","bug","snyaggarwal","2025-02-05","2025-02-05","https://github.com/OpenConceptLab/ocl_issues/issues/2056","The concept details panel on the right is not showing the correct concept when clicking on a concept in the Mappings section. See the video below, where the user clicks on CIEL's concept 971, but instead of showing that concept, it shows concept 971 from the source that the user is working on. See ""Aborto inevitable"" appearing instead of CIEL's concept ""Father"", which should have appeared.  I was able to recreate this on OCL Online, both on the source in the video and in my own custom source. This appears to be a bug everywhere. TermBrowser seems to be directing the user to the source correctly, but the details pane is querying the wrong source.  **This is a high priority bug to fix**  Video: https://github.com/user-attachments/assets/f6fb9372-417b-43c8-80c2-023d2f325e22  Thanks to Alvaro Mendoza-Li for pointing this out!"
"2057","Collection Importing via Version Export","OPEN","(none)","enhancement, bulk-import","snyaggarwal","2025-02-07","2025-02-26","https://github.com/OpenConceptLab/ocl_issues/issues/2057","While sources are able to successfully be transported between two OCL servers using export.json files, collection versions are not working in that way. When we try, OCL returns an error `""errors"": {  ""collection"": ""Version Head not found.""   }`  A user should be able to use a collection version export JSON file from OCL to recreate that collection in another OCL server. Collection versions currently include references, so the MVP of this would be to create the collection (if needed) and then import the references from the collection version JSON.   Collection version JSON files do NOT include an expansion, but we can ignore that for now and just do an autoexpand.  A next stage for this might be to be responsive to the concepts and mappings in the collection version JSON, but that probably requires more discussion."
"2149","The first version's hierarchy different from the HEAD's","OPEN","(none)","web2, reviewed/keep","","2025-04-09","2026-03-27","https://github.com/OpenConceptLab/ocl_issues/issues/2149","<!--- Provide a general summary of the issue in the Title above -->  Why does the [newly created version](https://app.openconceptlab.org/#/users/forest/sources/DemoFoods/25.04.08.01/) (the 1st one) of [my demo source](https://app.openconceptlab.org/#/users/forest/sources/DemoFoods/) have a hierarchy different from the [HEAD](https://app.openconceptlab.org/#/users/forest/sources/DemoFoods) versionΓÇÖs although nothing is changed to the content?  Hierarchy of the version [HEAD]  ![Image](https://github.com/user-attachments/assets/83693223-2dd8-405b-8df1-c807e5b202cb)  Hierarchy of the version 25.04.08.01  ![Image](https://github.com/user-attachments/assets/bbfd8c85-1ed1-4ba6-b71b-594961d8bfe9)  In other words, why would the hierarchy get messed up?  ## Expected Behavior <!--- Tell us what should happen --> **Comments by Joseph Amlung** The hierarchy should be appearing the same in both HEAD and in the version.  ## Current Behavior <!--- Tell us what happens instead of the expected behavior --> The hierarchy would showed diferently in the HEAD version and the 1st version. **Comments by Joseph Amlung**  The hierarchy_root_url and hierarchy_meaning looks correct in both the HEAD and in the source version, and the concepts are both traversing down the hierarchy correctly.  ## Possible Solution <!--- Not obligatory, but suggest a fix/reason for the bug, --> **Comments by Sny Aggarwal**  I think this is a genuine bug in the UI."
"2153","Mappings should persist repo URLs as submitted by the user","OPEN","(none)","api2, reviewed/keep","snyaggarwal","2025-04-15","2026-03-27","https://github.com/OpenConceptLab/ocl_issues/issues/2153","When we did the major update to OCL on mappings and canonical URLs, our decision was that attributes must be recorded as the user submitted them in almost all cases. It is possible that we did not finish this work, but regardless, the from and to sources need to maintain a canonical URL if it is provided. Internally, we can (and should) _resolve_ the canonical URL to a relative URL, and we may (or may not) want to include that info in the response.  Determine the impact of this change across the oclapi2, oclweb2, oclweb3 and draft the implementation approach before proceeding."
"2193","OCL Caching & Performance Spike","OPEN","(none)","reviewed/keep","snyaggarwal","2025-06-23","2026-03-27","https://github.com/OpenConceptLab/ocl_issues/issues/2193"," - [x] Cache TBv2's first page of latest released repo version (excluding HEAD) to enable quick page loads   - [ ] Verify that this feature is also implemented in TBv3 - [ ] Analyze the most common queries to determine other big-win caching solutions - [ ] Analyze performance of LOINC (which is very large!) and define performance improvement opportunities "
"2194","Cannot update user email address","OPEN","(none)","reviewed/keep","","2025-06-25","2026-03-27","https://github.com/OpenConceptLab/ocl_issues/issues/2194","<!--- Provide a general summary of the issue in the Title above --> Currently, it isn't possible to update user email address.   ## Expected Behavior User profile should be updated and new email address should be displayed instead of the old email address  ## Current Behavior Saving the update profile form shows a success message but the email stays the same  <img width=""1123"" alt=""Image"" src=""https://github.com/user-attachments/assets/0b948c7d-ca34-4352-b962-b7cb4098e959"" />  ## Possible Solution Possibly an issue with the update implementation not supporting it email change.  ## Steps to Reproduce  1. Login to OCL https://app.openconceptlab.org (successful  login will open your profile) 2. Click on the `Edit Profile` button on the left section below the profile photo. That will open a workspace on the right where you can change your email address 3. After completing the edits, click the `Update` button. This action will show a success message on the top right showing success and the workspace will be closed automatically. 4. Check the left section to see if the email has changed. You will notice it stays the same. We've attempted this with `ocladmin` rights as well but the new email reverts to the old email.   ## Context (Environment) <!--- How has this issue affected you? What are you trying to accomplish? --> <!--- Providing context helps us come up with a solution that is most useful in the real world -->  <!--- Provide a general summary of the issue in the Title above -->  ## Detailed Description <!--- Provide a detailed description of the change or addition you are proposing -->  ## Possible Implementation <!--- Not obligatory, but suggest an idea for implementing addition or change --> "
"2231","Dynamic reference cascade should account for equivalence to avoid false validation errors","OPEN","(none)","api2, reviewed/keep","","2025-09-03","2026-03-20","https://github.com/OpenConceptLab/ocl_issues/issues/2231","When adding a concept to a source with cascade, we check for equivalence. This means, when considering the addition of any concept X during the cascade, if an existing concept in the source is mapped SAME-AS concept X, we do not add concept X and any mappings for it are adjusted to point the equivalent concept in the source as they are added.  For example, if the CIEL concept ""Home electricity?"" is being added and the source already has concepts mapped SAME-AS to its ""Yes"" and ""No"" answers, the concept is added with mappings to existing ""Yes"" and ""No"" concepts within the source.  When dynamic references are added to a collection, custom validation rules are run against the result of merging the cascaded results with the collection (without considering equivalency and removing duplicates), causing false duplicate name validation errors.  Using the previous example, when trying to add the CIEL concept ""Home electricity?"" a collection as a dynamic reference, the validation schema is run against the combination of the collection's existing concepts and the cascade results, which includes ""Yes"" and ""No"" in the collection (mapped SAME-AS to CIEL equivalents) _and_ the ""Yes"" and ""No"" from CIEL, resulting in duplicate name errors.  Two possible solutions:  1. **Add equivalency logic to custom validation**. In the context of adding a dynamic reference to a collection, adapt custom validation to replicate the equivalency logic, so any instances of the same source + code or cases where an existing concept has a SAME-AS mapping to a candidate concept, the candidate and any children would be ignored. This has the downside of needing to ensure the logic for equivalency checking for custom validation is kept aligned with the equivalency checking used when expanding a collection.  2. **Add equivalency checking to cascading of the dynamic references**. Adapt the logic of cascading dynamic references to account for equivalency, so any concepts that already exist in the collection (same source+code or mapped SAME-AS to the candidate concept) are skipped and any mappings to them are adjusted to point to the collection's existing concept. This has the advantage that validation would be run against the outcome of cascading instead of an interim (un-deduplicated) state, but may be more challenging or have performance costs."
"2256","""Add Reference"" UI cascade options need to catch up with rest of TB","OPEN","(none)","reviewed/keep","snyaggarwal","2025-10-24","2026-03-24","https://github.com/OpenConceptLab/ocl_issues/issues/2256","We originally were letting this ""Add References (from the collection)"" UI lag behind because we were moving so much on TBv3, but we now are in a spot where we need to bring this UI up to date with the regular ""Add to Collection"" button that most people use. It's currently adding version numbers onto concepts/mappings that are added from this UI.  This UI needs to not include the version numbers on concept and mapping references. Also, the concept/mapping query to a source version is using a parameter that makes it so that 0 concepts are returned. Example (where it seems that the excludeWildcard parameter is the issue?): https://api.openconceptlab.org/orgs/CIEL/sources/CIEL/v2025-10-19/concepts/?excludeWildcard=true&excludeFuzzy=true&q=&page=1&limit=25&includeSearchMeta=true&verbose=false&sortDesc=_score  <img width=""1395"" height=""920"" alt=""Image"" src=""https://github.com/user-attachments/assets/1a270e04-63ff-4b8c-a9cd-ef6232de1dd3"" />  <img width=""1277"" height=""907"" alt=""Image"" src=""https://github.com/user-attachments/assets/3de480ac-5d41-41d8-b0ab-81e5df9adb91"" />  "
"2257","Deleting Auto-expand HEAD for a collection","OPEN","(none)","reviewed/keep","snyaggarwal","2025-10-24","2026-03-20","https://github.com/OpenConceptLab/ocl_issues/issues/2257","OCL currently allows a user to delete their Auto-expand-HEAD expansion on their collection. There are a couple of actions that we need to take on this: 1. We should add a dialog box that warns the user about deleting their auto-expand HEAD. Basically an ""are you sure about this"" dialog. 2. If I already did delete my autoexpand-HEAD version, then I try to recreate it, it needs to have the ""A"" icon for auto-expand, since it's now effectively my official autoexpand-HEAD expansion for that collection.  See screenshot below, where the ""A"" is missing because I deleted and ""recreated"" the autoexpand-HEAD expansion. It still acts like an autoexpand, but it doesn't seem to be the ""official"" one. Not sure if that has other behavioral impacts.  <img width=""1855"" height=""698"" alt=""Image"" src=""https://github.com/user-attachments/assets/44a6eb51-4e72-4df0-81f1-79d985360a06"" />  "
"2264","oclapi2 uses broken docker redis tag as dependency","OPEN","(none)","reviewed/keep","","2025-11-24","2026-03-20","https://github.com/OpenConceptLab/ocl_issues/issues/2264","https://github.com/OpenConceptLab/oclapi2/pull/808#discussion_r2556027317  Fastest solution is using tagless image. Why not? It worked for me locally"
"2266","Simplified CSV output that combines concepts and mappings","OPEN","(none)","reviewed/keep","","2025-11-25","2026-03-20","https://github.com/OpenConceptLab/ocl_issues/issues/2266","OCL's export formats (Concepts CSV, Mappings CSV, and Export JSON) do not meet user requirements of having a full representation of a repository in a concept-focused way, particularly without limiting the number of resources to 1000.  We are exploring a new format that transforms OCL's export JSON into a concept-anchored CSV (meaning, each row is one concept, and those concepts' mappings are displayed in the same row).  A Python notebook to illustrate this work is here: https://colab.research.google.com/drive/1TH8j-95F1D19dgFpbMwhD1_A2eYRepGU?usp=sharing   Potential goals:  > In an ideal world, a new csv format would solve these problems simultaneously: >  * Export format from OCL >  * Compatible as an input dataset for OCL Mapper >  * Compatible with OCL's bulk import format >  * Very human-readable (Unlike the JSON format) >  * Comprehensive??? JSON represents 100% of concept metadata -- should this? >  * Enable representation of collection references? "
"2280","Automated migration script for resource version reference transformation","OPEN","(none)","reviewed/keep","paynejd, snyaggarwal, jamlung-ri","2025-12-17","2026-03-20","https://github.com/OpenConceptLab/ocl_issues/issues/2280","## Overview Develop an automated migration script to review all existing collection references and transform deprecated resource version references to valid reference models where possible.  ## Background Resource version references (format: `/:ownerType/:owner/sources/:source/concepts/:concept/:resourceVersion/`) are being deprecated in favor of: - **Version-less references**: `/:ownerType/:owner/sources/:source/concepts/:concept/` - **References with Repo Version**: `/:ownerType/:owner/sources/:source/:repoVersion/concepts/:concept/`  ## Script Requirements  ### Inputs (per reference) - The resource versioned reference being evaluated - Collection version's metadata and other references - Collection version's expansions  ### Transformation Logic  **Priority 1: Transform to version-less reference** - Referenced resource version is current HEAD/latest version - No locked/released expansion depends on specific resource version - Concept is not retired or inactive - No conflicting version references to same concept  **Priority 2: Transform to reference with Repo Version** - Collection version has expansion from specific source version - Resource version exists within that source version - Source version is still accessible - Use source version matching expansion resolution timestamp  **Flag for Manual Intervention** - Resource version not resolvable to HEAD or known source version - Concept retired/deleted (may be intentional for historical purposes) - Multiple valid source versions with no clear tiebreaker - Conflicting version references in same collection - Dependent mappings that wouldn't resolve correctly  ## Output - List of successfully transformed references (by type) - List of references requiring manual review with reasons - Confidence scores for transformations (if applicable) - Summary statistics  ## Related Issues Part of expansion versioning and reference transformation work (#2272-#2279)  ## Assignees @snyaggarwal @jamlung-ri"
"2281","Proposal to support download of a concept's mappings as a valueset","OPEN","(none)","reviewed/keep","","2025-12-18","2026-03-24","https://github.com/OpenConceptLab/ocl_issues/issues/2281","***THIS TICKET IS NOT READY FOR DEVELOPMENT YET***  Thanks to @delcroip for suggesting this feature  **Use Case:** CIEL:116128 has many mappings: https://app.openconceptlab.org/#/orgs/CIEL/sources/CIEL/concepts/116128/. I want an endpoint to download those mappings (optionally with filtering, e.g. only SAME-AS) as a ValueSet that I can easily refer back to.  **MVP Proposal** - Implement a new OCL API endpoint with optional filtering (e.g. map-types, repo/source), e.g.: https://api.openconceptlab.org/orgs/CIEL/sources/CIEL/concepts/116128/$getMappingsAsValueSet?mapTypes=SAME-AS,NARROWER-THAN,BROADER-THAN. This is a custom OCL API format -- we expect long-term that we would want a compliant FHIR method to request this, likely via an $expand request with a novel compose statement. - Return a minimalist FHIR-compliant ValueSet response of a conceptΓÇÖs mappings: ``` {   ""name"": ""Mappings for CIEL:116128"",   ""url"": ""https://api.openconceptlab.org/orgs/CIEL/sources/CIEL/concepts/116128/$getMappingsAsValueSet?mapTypes=SAME-AS,NARROWER-THAN,BROADER-THAN"",   expansion: {     contains: []   } } ```"
"2407","Move OIDC client secret from frontend to backend (oclweb3 + oclapi2)","OPEN","(none)","reviewed/keep","paynejd, snyaggarwal","2026-03-13","2026-03-20","https://github.com/OpenConceptLab/ocl_issues/issues/2407","## Summary  The OIDC authorization code exchange flow currently requires the frontend (`oclweb3`) to hold and transmit the `OIDC_RP_CLIENT_SECRET` to the backend. Per OAuth 2.0 best practices, confidential client secrets should only be stored and used server-side.  ## Current behavior  1. `OIDC_RP_CLIENT_SECRET` is injected into browser-accessible JavaScript in two ways:    - At runtime via `env-config.js` (`window.OIDC_RP_CLIENT_SECRET`) ΓÇö written by `start-prod.sh`    - At build time via webpack `DefinePlugin` (`process.env.OIDC_RP_CLIENT_SECRET`) ΓÇö in `webpack.config.js` 2. The `OIDLoginCallback` component (`src/components/users/OIDLoginCallback.jsx`) reads the secret from the browser context and sends it in a POST request to the backend's `oidc/code-exchange/` endpoint 3. The backend (`core/users/views.py` ΓÇö `OIDCodeExchangeView`) receives `client_id` and `client_secret` from the request body and uses them to exchange the authorization code for a token  ## Expected behavior  The backend should store `OIDC_RP_CLIENT_ID` and `OIDC_RP_CLIENT_SECRET` in its own environment and use them server-side during the code exchange. The frontend should only send `code` and `redirect_uri`.  ## Step 1: Ecosystem-wide audit (REQUIRED FIRST)  OCL Online is a complex ecosystem with many independent services and applications. Before making any code changes, a thorough audit must be conducted across the entire OCL Online ecosystem to identify **all** clients, applications, and services that handle OIDC client secrets in a similar way. This includes but is not limited to: - `oclweb3` and `oclweb2` (frontends) - `oclapi2` (backend) - Any other services that participate in OIDC flows (e.g. FHIR services, analytics, admin tools) - Docker compose configurations and deployment scripts across all environments - KeyCloak client registrations and their configurations  The goal is to ensure that all affected components are revised together, not just the ones identified so far.  ## Proposed changes (pending audit results)  **Backend (`oclapi2`):** - `core/settings.py`: Populate `OIDC_RP_CLIENT_ID` and `OIDC_RP_CLIENT_SECRET` from environment variables (placeholder settings already exist at lines 564-582) - `core/users/views.py`: Update `OIDCodeExchangeView.post()` to read `client_id` / `client_secret` from `settings` instead of the request body - `core/integration_tests/tests_users.py`: Update `OIDCodeExchangeViewTest` to match new endpoint contract  **Frontend (`oclweb3`):** - `src/components/users/OIDLoginCallback.jsx`: Only send `code` and `redirect_uri` in the POST to `oidc/code-exchange/` - `webpack.config.js`: Remove `OIDC_RP_CLIENT_SECRET` from `DefinePlugin` - `start-prod.sh`: Remove `OIDC_RP_CLIENT_SECRET` from `env-config.js` generation - `src/common/utils.js`: Update `isSSOEnabled()` to check only `LOGIN_REDIRECT_URL` + `OIDC_RP_CLIENT_ID` (since the secret would no longer be in the frontend)  **Other services:** To be determined by the audit in Step 1.  ## Deployment note  Requires coordinated deployment: backend first (accept both old and new request formats during transition), then frontends/services, then remove backward compatibility from backend.  ## Labels  Security, oclweb3, oclapi2"
"2425","Mapping search: concept query param silently ignored on repo-scoped endpoint","OPEN","(none)","api2, reviewed/keep","","2026-03-25","2026-03-27","https://github.com/OpenConceptLab/ocl_issues/issues/2425","## Summary  The `concept` query parameter on the mapping search endpoint (`GET /orgs/:org/sources/:source/mappings/?concept=116128`) is documented as filtering by ""from or to concept"" but is silently ignored. Results are identical to querying without the parameter.  `fromConcept` and `toConcept` work correctly. Only `concept` (the bidirectional filter) is broken.  ## Steps to Reproduce  ```bash # These return identical results ΓÇö concept param is silently ignored curl -s ""https://api.openconceptlab.org/orgs/CIEL/sources/CIEL/mappings/?concept=116128&limit=3"" curl -s ""https://api.openconceptlab.org/orgs/CIEL/sources/CIEL/mappings/?limit=3""  # fromConcept and toConcept work correctly curl -s ""https://api.openconceptlab.org/orgs/CIEL/sources/CIEL/mappings/?toConcept=116128&limit=3""  # returns 4 results ```  ## Root Cause  `concept` is not defined as a faceted field in `core/mappings/models.py` `es_fields`, so it gets dropped during `get_faceted_filters()` processing in `core/common/views.py`. The `fromConcept` and `toConcept` fields are properly defined as faceted, but there is no bidirectional `concept` equivalent.  ## Expected Behavior  `concept=116128` should return mappings where 116128 appears as either `from_concept_code` or `to_concept_code`.  ## Workaround  Use `fromConcept` and `toConcept` separately."
"2429","Add X-OCL-CLIENT header to all OCL clients","OPEN","(none)","enhancement, reviewed/keep","paynejd","2026-03-27","2026-03-27","https://github.com/OpenConceptLab/ocl_issues/issues/2429","## Summary  The OCL analytics system already supports client identification via the `X-OCL-CLIENT` request header (whitelisted in `AnalyticsEventEmitter`, extracted into `request.client` field). However, no OCL client currently sends it ΓÇö all rely on imprecise fallback auto-detection from User-Agent/Origin headers.  ## Clients to update  | Client | Header value | Status | |---|---|---| | ocl-cli | `ocl-cli/{version}` | Γ£à Done | | oclweb3 | `oclweb3/{version}` | Pending | | oclweb2 | `oclweb2/{version}` | Pending | | oclmap | `oclmap/{version}` | Pending | | ocl-mcp | `ocl-mcp/{version}` | Pending | | ocl-ai-assistant | `ocl-ai-assistant/{version}` | Pending | | ocl-scispacy-loinc | `ocl-scispacy-loinc/{version}` | Pending |  Each client adds `X-OCL-CLIENT: {app-name}/{version}` to all outgoing API requests. Python clients also add a descriptive `User-Agent`. No changes needed on the analytics or API server side.  ## Related - See also: follow-up ticket to inject version from build config in JS frontends (webpack DefinePlugin)"
"2430","Inject X-OCL-CLIENT version from build config in JS frontends","OPEN","(none)","enhancement, reviewed/keep","paynejd","2026-03-27","2026-03-27","https://github.com/OpenConceptLab/ocl_issues/issues/2430","## Summary  The JS frontends (oclweb3, oclweb2, oclmap) currently hardcode their version in the `X-OCL-CLIENT` header. This should be wired through webpack DefinePlugin so the version is injected from package.json at build time, avoiding manual updates at release time.  ## Approach  Use webpack's `DefinePlugin` to expose `process.env.APP_VERSION` from each project's `package.json` version field, then reference it in `APIService.js` `getHeaders()`."
